hotel,created_date,arrival_date,avg_anticipation_days
HAC,2023-12-18,2024-02-01,44.0
HAC,2023-12-29,2024-02-01,34.0
HAC,2023-10-27,2024-02-01,96.0
HAC,2024-01-18,2024-02-01,14.0
HAC,2024-02-01,2024-02-01,0.0
HAC,2024-01-24,2024-02-01,8.0
HAC,2024-01-28,2024-02-01,3.0
HAC,2024-01-29,2024-02-01,2.0
HAC,2024-01-25,2024-02-01,6.0
HAC,2024-01-22,2024-02-01,9.0
HAC,2023-11-21,2024-02-01,71.0
HAC,2024-01-30,2024-02-01,1.5
HAC,2024-01-31,2024-02-01,0.0
HAC,2023-11-06,2024-02-01,86.0
HAC,2024-01-02,2024-02-01,30.0
HAC,2024-01-15,2024-02-01,16.125
HAC,2023-10-12,2024-02-01,112.0
HAC,2024-01-23,2024-02-01,8.0
HAC,2023-11-16,2024-02-01,76.0
HAC,2023-12-15,2024-02-01,48.0
HAC,2024-02-02,2024-02-02,0.0
HAC,2024-02-01,2024-02-02,0.0
HAC,2024-01-22,2024-02-02,10.0
HAC,2024-01-25,2024-02-02,7.0
HAC,2024-01-14,2024-02-02,19.0
HAC,2024-01-11,2024-02-02,21.0
HAC,2024-01-26,2024-02-02,7.0
HAC,2024-01-28,2024-02-02,5.0
HAC,2024-01-18,2024-02-02,14.0
HAC,2023-12-08,2024-02-02,56.0
HAC,2024-01-21,2024-02-03,12.0
HAC,2024-02-01,2024-02-03,2.0
HAC,2024-02-03,2024-02-03,0.0
HAC,2024-01-15,2024-02-03,18.0
HAC,2023-11-19,2024-02-03,75.0
HAC,2024-01-28,2024-02-03,5.0
HAC,2024-01-24,2024-02-03,9.5
HAC,2024-02-02,2024-02-03,0.0
HAC,2023-12-11,2024-02-03,53.0
HAC,2024-01-19,2024-02-03,14.0
HAC,2023-12-14,2024-02-03,50.0
HAC,2024-02-04,2024-02-03,0.0
HAC,2024-01-26,2024-02-03,7.0
HAC,2024-01-12,2024-02-04,23.0
HAC,2024-01-02,2024-02-04,33.0
HAC,2024-01-22,2024-02-04,13.0
HAC,2024-01-19,2024-02-04,15.0
HAC,2024-01-16,2024-02-04,18.0
HAC,2024-01-26,2024-02-04,8.0
HAC,2024-02-03,2024-02-04,0.0
HAC,2023-11-19,2024-02-04,76.0
HAC,2024-01-30,2024-02-04,4.0
HAC,2024-01-25,2024-02-04,10.0
HAC,2024-01-08,2024-02-05,27.666666666666668
HAC,2023-12-11,2024-02-05,55.0
HAC,2024-01-12,2024-02-05,23.5
HAC,2023-10-11,2024-02-05,117.0
HAC,2024-01-17,2024-02-05,19.0
HAC,2023-12-19,2024-02-05,47.0
HAC,2024-01-25,2024-02-05,11.0
HAC,2023-09-24,2024-02-05,133.0
HAC,2024-02-02,2024-02-05,2.5
HAC,2024-02-04,2024-02-05,1.0
HAC,2024-01-29,2024-02-05,6.666666666666667
HAC,2024-01-26,2024-02-05,9.0
HAC,2024-01-22,2024-02-05,14.0
HAC,2023-12-20,2024-02-05,47.0
HAC,2024-02-05,2024-02-05,0.0
HAC,2023-11-21,2024-02-05,76.0
HAC,2024-01-31,2024-02-05,5.0
HAC,2024-01-30,2024-02-05,5.5
HAC,2023-12-18,2024-02-05,48.0
HAC,2023-11-28,2024-02-05,68.0
HAC,2024-01-24,2024-02-05,11.0
HAC,2024-01-02,2024-02-05,33.0
HAC,2024-01-11,2024-02-05,24.666666666666668
HAC,2024-01-12,2024-02-06,25.0
HAC,2023-11-16,2024-02-06,82.0
HAC,2023-12-13,2024-02-06,55.0
HAC,2023-12-26,2024-02-06,42.0
HAC,2023-12-09,2024-02-06,59.0
HAC,2023-11-24,2024-02-06,74.0
HAC,2024-01-19,2024-02-06,18.0
HAC,2024-01-18,2024-02-06,19.0
HAC,2023-11-29,2024-02-06,68.0
HAC,2024-01-10,2024-02-06,27.0
HAC,2023-12-20,2024-02-06,47.0
HAC,2024-01-05,2024-02-06,31.0
HAC,2024-02-04,2024-02-06,2.0
HAC,2024-01-29,2024-02-06,8.0
HAC,2024-01-15,2024-02-06,22.0
HAC,2023-12-22,2024-02-06,46.0
HAC,2024-02-06,2024-02-06,0.0
HAC,2024-01-30,2024-02-06,6.0
HAC,2024-01-08,2024-02-06,28.0
HAC,2023-12-01,2024-02-06,67.0
HAC,2023-12-02,2024-02-06,66.0
HAC,2024-02-05,2024-02-06,0.0
HAC,2024-01-31,2024-02-06,5.333333333333333
HAC,2023-11-30,2024-02-06,68.0
HAC,2024-01-03,2024-02-06,34.0
HAC,2023-12-14,2024-02-06,53.0
HAC,2023-11-27,2024-02-06,70.0
HAC,2023-12-08,2024-02-07,60.0
HAC,2023-11-28,2024-02-07,70.0
HAC,2023-12-18,2024-02-07,51.0
HAC,2024-01-29,2024-02-07,8.0
HAC,2023-11-29,2024-02-07,69.5
HAC,2023-12-12,2024-02-07,56.0
HAC,2023-12-04,2024-02-07,65.0
HAC,2023-11-23,2024-02-07,76.0
HAC,2024-02-06,2024-02-07,0.25
HAC,2024-02-05,2024-02-07,1.0
HAC,2024-01-02,2024-02-07,35.0
HAC,2023-12-05,2024-02-07,64.0
HAC,2024-01-25,2024-02-07,13.0
HAC,2024-02-07,2024-02-07,0.0
HAC,2024-01-04,2024-02-07,33.0
HAC,2023-11-30,2024-02-07,69.0
HAC,2023-12-15,2024-02-07,54.0
HAC,2023-12-22,2024-02-07,47.0
HAC,2023-11-29,2024-02-08,71.0
HAC,2024-01-31,2024-02-08,8.0
HAC,2024-01-24,2024-02-08,15.0
HAC,2024-02-08,2024-02-08,0.0
HAC,2024-01-26,2024-02-08,12.2
HAC,2023-12-01,2024-02-08,69.0
HAC,2023-12-18,2024-02-08,52.0
HAC,2024-02-07,2024-02-08,0.5
HAC,2024-01-25,2024-02-08,13.0
HAC,2024-01-30,2024-02-08,8.5
HAC,2024-02-06,2024-02-08,1.0
HAC,2024-01-28,2024-02-08,10.0
HAC,2024-01-19,2024-02-08,20.0
HAC,2023-12-04,2024-02-08,66.0
HAC,2024-02-09,2024-02-09,0.0
HAC,2024-01-06,2024-02-09,33.0
HAC,2023-12-23,2024-02-09,48.0
HAC,2024-02-08,2024-02-09,0.5
HAC,2024-02-03,2024-02-09,5.0
HAC,2023-12-19,2024-02-09,51.0
HAC,2023-11-21,2024-02-09,80.0
HAC,2023-12-17,2024-02-09,53.0
HAC,2024-02-05,2024-02-09,4.0
HAC,2023-12-15,2024-02-09,55.0
HAC,2024-02-04,2024-02-09,4.0
HAC,2024-02-06,2024-02-09,2.5
HAC,2024-02-10,2024-02-09,0.0
HAC,2023-12-04,2024-02-09,66.0
HAC,2024-01-19,2024-02-09,20.0
HAC,2023-12-31,2024-02-09,40.0
HAC,2024-01-22,2024-02-09,18.0
HAC,2024-01-23,2024-02-09,16.5
HAC,2024-01-30,2024-02-09,9.0
HAC,2024-02-07,2024-02-09,1.0
HAC,2024-01-31,2024-02-09,8.0
HAC,2024-02-05,2024-02-10,4.5
HAC,2024-01-10,2024-02-10,31.0
HAC,2024-01-12,2024-02-10,28.0
HAC,2024-01-02,2024-02-10,39.0
HAC,2024-02-06,2024-02-10,4.0
HAC,2024-02-07,2024-02-10,2.0
HAC,2024-01-28,2024-02-10,12.0
HAC,2024-01-17,2024-02-10,24.0
HAC,2024-02-09,2024-02-10,0.0
HAC,2024-01-31,2024-02-10,9.0
HAC,2024-01-03,2024-02-10,37.0
HAC,2024-02-04,2024-02-10,5.0
HAC,2023-11-18,2024-02-10,84.0
HAC,2024-01-01,2024-02-10,39.0
HAC,2024-01-21,2024-02-10,19.0
HAC,2024-01-19,2024-02-10,21.0
HAC,2024-01-09,2024-02-10,31.0
HAC,2023-11-16,2024-02-10,86.0
HAC,2023-12-20,2024-02-10,51.0
HAC,2024-01-22,2024-02-11,20.0
HAC,2023-12-18,2024-02-11,55.0
HAC,2023-12-04,2024-02-11,68.0
HAC,2024-01-31,2024-02-11,10.0
HAC,2024-01-26,2024-02-11,15.0
HAC,2023-12-19,2024-02-11,54.0
HAC,2024-01-16,2024-02-11,25.0
HAC,2024-01-29,2024-02-11,13.0
HAC,2024-01-09,2024-02-11,33.0
HAC,2024-01-19,2024-02-11,23.0
HAC,2024-01-27,2024-02-11,15.0
HAC,2024-02-01,2024-02-11,9.4
HAC,2024-02-08,2024-02-11,3.0
HAC,2023-11-24,2024-02-11,78.0
HAC,2024-02-06,2024-02-11,5.0
HAC,2023-11-17,2024-02-11,86.0
HAC,2024-02-11,2024-02-11,0.0
HAC,2024-02-05,2024-02-11,6.0
HAC,2023-12-30,2024-02-11,42.0
HAC,2024-01-18,2024-02-11,24.0
HAC,2024-02-09,2024-02-11,1.0
HAC,2023-12-13,2024-02-11,59.0
HAC,2024-01-10,2024-02-11,32.0
HAC,2024-01-24,2024-02-11,18.0
HAC,2024-02-09,2024-02-12,2.6666666666666665
HAC,2024-01-15,2024-02-12,28.0
HAC,2023-12-28,2024-02-12,45.0
HAC,2024-02-13,2024-02-12,0.0
HAC,2024-02-06,2024-02-12,6.0
HAC,2023-11-30,2024-02-12,74.0
HAC,2024-02-01,2024-02-12,10.666666666666666
HAC,2024-01-16,2024-02-12,27.0
HAC,2024-02-07,2024-02-12,5.0
HAC,2024-02-11,2024-02-12,0.33333333333333331
HAC,2024-01-30,2024-02-12,13.0
HAC,2023-12-20,2024-02-12,53.0
HAC,2024-01-09,2024-02-12,34.0
HAC,2024-02-05,2024-02-12,7.0
HAC,2024-01-26,2024-02-12,16.333333333333332
HAC,2024-01-17,2024-02-12,25.0
HAC,2023-11-15,2024-02-12,89.0
HAC,2024-01-08,2024-02-12,34.0
HAC,2024-01-13,2024-02-12,29.0
HAC,2023-12-15,2024-02-12,59.0
HAC,2023-12-19,2024-02-12,55.0
HAC,2024-01-04,2024-02-12,38.0
HAC,2024-01-27,2024-02-12,15.0
HAC,2024-02-03,2024-02-13,9.0
HAC,2024-02-02,2024-02-13,10.0
HAC,2024-01-04,2024-02-13,40.0
HAC,2024-02-07,2024-02-13,6.0
HAC,2024-01-08,2024-02-13,36.0
HAC,2024-01-03,2024-02-13,41.0
HAC,2024-01-23,2024-02-13,21.0
HAC,2024-01-15,2024-02-13,29.0
HAC,2024-01-22,2024-02-13,21.0
HAC,2024-01-26,2024-02-13,17.0
HAC,2024-02-08,2024-02-13,4.0
HAC,2024-02-10,2024-02-13,2.0
HAC,2024-02-12,2024-02-13,0.5
HAC,2024-01-19,2024-02-13,24.666666666666668
HAC,2024-02-13,2024-02-13,0.0
HAC,2024-02-05,2024-02-13,8.0
HAC,2023-12-14,2024-02-13,60.0
HAC,2024-01-30,2024-02-13,14.0
HAC,2024-02-01,2024-02-13,11.0
HAC,2023-12-20,2024-02-13,54.5
HAC,2024-01-10,2024-02-13,33.0
HAC,2024-02-09,2024-02-13,3.0
HAC,2024-01-15,2024-02-14,30.0
HAC,2024-02-13,2024-02-14,0.0
HAC,2024-02-09,2024-02-14,4.333333333333333
HAC,2024-02-02,2024-02-14,11.0
HAC,2024-01-04,2024-02-14,40.0
HAC,2024-02-07,2024-02-14,6.0
HAC,2024-01-07,2024-02-14,37.0
HAC,2023-11-16,2024-02-14,90.0
HAC,2024-01-06,2024-02-14,39.0
HAC,2024-01-08,2024-02-14,36.0
HAC,2024-02-03,2024-02-14,11.0
HAC,2024-02-08,2024-02-14,5.25
HAC,2024-01-12,2024-02-14,32.0
HAC,2023-12-26,2024-02-14,49.0
HAC,2024-02-12,2024-02-14,2.0
HAC,2024-02-04,2024-02-14,9.0
HAC,2024-01-02,2024-02-14,42.0
HAC,2024-02-01,2024-02-14,13.0
HAC,2024-02-05,2024-02-14,8.5714285714285712
HAC,2023-12-18,2024-02-14,57.0
HAC,2024-01-16,2024-02-14,29.0
HAC,2024-01-30,2024-02-14,14.5
HAC,2024-01-14,2024-02-14,30.0
HAC,2024-02-01,2024-02-15,14.0
HAC,2024-01-16,2024-02-15,29.0
HAC,2024-02-08,2024-02-15,7.0
HAC,2024-01-03,2024-02-15,42.0
HAC,2024-01-23,2024-02-15,22.0
HAC,2024-02-07,2024-02-15,7.5
HAC,2024-02-11,2024-02-15,4.0
HAC,2024-02-14,2024-02-15,0.0
HAC,2024-02-05,2024-02-15,9.5
HAC,2024-02-06,2024-02-15,9.0
HAC,2023-07-27,2024-02-15,203.0
HAC,2024-02-15,2024-02-15,0.0
HAC,2024-02-09,2024-02-15,6.0
HAC,2024-02-12,2024-02-15,2.6666666666666665
HAC,2024-02-16,2024-02-15,0.0
HAC,2024-01-12,2024-02-16,34.0
HAC,2023-12-08,2024-02-16,70.0
HAC,2024-01-08,2024-02-16,39.0
HAC,2023-12-05,2024-02-16,72.0
HAC,2023-12-06,2024-02-16,71.5
HAC,2023-12-04,2024-02-16,74.0
HAC,2024-01-10,2024-02-16,37.0
HAC,2024-02-07,2024-02-16,8.0
HAC,2024-02-15,2024-02-16,1.0
HAC,2024-01-22,2024-02-16,25.0
HAC,2024-02-16,2024-02-16,0.0
HAC,2023-12-23,2024-02-16,55.0
HAC,2023-07-27,2024-02-16,203.92307692307691
HAC,2024-02-13,2024-02-16,2.0
HAC,2024-01-11,2024-02-16,35.0
HAC,2024-02-14,2024-02-17,2.0
HAC,2024-01-13,2024-02-17,34.0
HAC,2024-01-12,2024-02-17,35.0
HAC,2023-12-06,2024-02-17,73.0
HAC,2024-02-18,2024-02-17,0.0
HAC,2024-01-08,2024-02-17,39.5
HAC,2024-02-11,2024-02-17,5.0
HAC,2024-02-06,2024-02-17,10.5
HAC,2024-01-24,2024-02-17,24.0
HAC,2024-01-07,2024-02-17,40.0
HAC,2024-01-22,2024-02-17,26.0
HAC,2023-12-11,2024-02-17,67.0
HAC,2024-02-05,2024-02-18,12.0
HAC,2023-11-06,2024-02-18,103.0
HAC,2024-02-18,2024-02-18,0.0
HAC,2024-01-19,2024-02-18,30.0
HAC,2024-01-29,2024-02-18,19.0
HAC,2024-01-12,2024-02-18,36.0
HAC,2024-01-16,2024-02-18,33.0
HAC,2023-12-01,2024-02-18,79.0
HAC,2024-02-14,2024-02-19,4.5
HAC,2024-01-16,2024-02-19,34.0
HAC,2024-02-16,2024-02-19,3.0
HAC,2024-02-12,2024-02-19,6.0
HAC,2024-02-06,2024-02-19,12.0
HAC,2024-01-15,2024-02-19,34.5
HAC,2024-02-18,2024-02-19,1.0
HAC,2024-01-23,2024-02-19,27.0
HAC,2024-02-09,2024-02-19,10.0
HAC,2024-01-17,2024-02-19,32.666666666666664
HAC,2024-01-26,2024-02-19,23.333333333333332
HAC,2024-02-17,2024-02-19,1.0
HAC,2024-01-29,2024-02-19,20.0
HAC,2024-02-15,2024-02-19,4.0
HAC,2024-02-13,2024-02-19,5.5
HAC,2024-02-19,2024-02-19,0.0
HAC,2024-02-07,2024-02-19,11.0
HAC,2024-02-04,2024-02-19,15.0
HAC,2024-01-09,2024-02-19,41.0
HAC,2024-02-02,2024-02-19,16.0
HAC,2023-12-19,2024-02-19,62.0
HAC,2024-02-01,2024-02-19,17.0
HAC,2024-01-23,2024-02-20,28.0
HAC,2024-02-19,2024-02-20,1.0
HAC,2024-02-20,2024-02-20,0.0
HAC,2024-02-18,2024-02-20,1.0
HAC,2024-02-14,2024-02-20,5.0
HAC,2024-01-17,2024-02-20,34.0
HAC,2023-11-30,2024-02-20,82.0
HAC,2024-01-26,2024-02-20,24.0
HAC,2024-01-27,2024-02-20,24.0
HAC,2024-01-08,2024-02-20,43.0
HAC,2024-02-11,2024-02-20,8.0
HAC,2024-01-29,2024-02-20,21.0
HAC,2024-01-25,2024-02-20,25.0
HAC,2023-12-19,2024-02-20,63.0
HAC,2024-02-01,2024-02-20,18.0
HAC,2024-01-31,2024-02-20,20.0
HAC,2023-12-12,2024-02-20,70.0
HAC,2024-02-08,2024-02-20,12.0
HAC,2024-02-02,2024-02-20,17.5
HAC,2024-02-13,2024-02-20,6.666666666666667
HAC,2024-01-06,2024-02-20,45.0
HAC,2024-02-06,2024-02-20,13.0
HAC,2024-01-05,2024-02-20,45.0
HAC,2023-11-16,2024-02-20,96.0
HAC,2024-02-07,2024-02-20,12.5
HAC,2024-02-12,2024-02-21,9.0
HAC,2024-02-15,2024-02-21,5.5
HAC,2024-02-21,2024-02-21,0.0
HAC,2023-12-21,2024-02-21,61.0
HAC,2023-09-14,2024-02-21,160.0
HAC,2024-01-29,2024-02-21,23.0
HAC,2023-12-20,2024-02-21,62.0
HAC,2023-12-12,2024-02-21,70.0
HAC,2024-02-14,2024-02-21,7.0
HAC,2024-02-02,2024-02-21,19.0
HAC,2024-02-06,2024-02-21,14.0
HAC,2024-02-07,2024-02-21,13.0
HAC,2024-02-08,2024-02-21,12.0
HAC,2023-11-22,2024-02-21,91.0
HAC,2024-01-12,2024-02-21,40.0
HAC,2023-11-06,2024-02-21,106.0
HAC,2023-12-19,2024-02-21,63.0
HAC,2024-02-20,2024-02-21,1.0
HAC,2024-02-13,2024-02-21,8.0
HAC,2023-10-20,2024-02-21,124.0
HAC,2023-12-27,2024-02-21,56.0
HAC,2024-01-26,2024-02-21,25.0
HAC,2024-01-09,2024-02-21,43.0
HAC,2023-10-07,2024-02-21,137.0
HAC,2024-01-24,2024-02-21,28.0
HAC,2024-01-15,2024-02-21,36.0
HAC,2024-02-09,2024-02-21,11.0
HAC,2024-01-03,2024-02-21,49.0
HAC,2024-02-12,2024-02-22,10.0
HAC,2024-02-26,2024-02-22,-3.0
HAC,2024-02-16,2024-02-22,5.5
HAC,2024-01-22,2024-02-22,31.0
HAC,2024-01-09,2024-02-22,43.0
HAC,2024-02-06,2024-02-22,16.0
HAC,2024-02-22,2024-02-22,0.0
HAC,2024-01-31,2024-02-22,22.0
HAC,2024-02-20,2024-02-22,1.6666666666666665
HAC,2023-10-12,2024-02-22,132.0
HAC,2024-02-19,2024-02-22,3.0
HAC,2024-01-29,2024-02-22,23.0
HAC,2024-01-18,2024-02-23,35.0
HAC,2024-02-11,2024-02-23,11.0
HAC,2024-02-09,2024-02-23,13.0
HAC,2024-02-23,2024-02-23,0.0
HAC,2024-02-14,2024-02-23,8.0
HAC,2024-02-22,2024-02-23,0.2
HAC,2024-02-17,2024-02-23,6.0
HAC,2024-02-16,2024-02-23,6.0
HAC,2024-02-02,2024-02-23,20.333333333333332
HAC,2024-02-21,2024-02-23,1.0
HAC,2024-01-19,2024-02-23,34.5
HAC,2024-02-22,2024-02-24,1.0
HAC,2024-02-21,2024-02-24,3.0
HAC,2024-01-18,2024-02-24,36.5
HAC,2023-12-29,2024-02-24,57.0
HAC,2024-02-24,2024-02-24,0.0
HAC,2024-02-11,2024-02-24,13.0
HAC,2024-01-07,2024-02-24,48.0
HAC,2024-02-19,2024-02-24,5.0
HAC,2024-01-24,2024-02-24,30.0
HAC,2024-01-29,2024-02-24,26.0
HAC,2024-01-19,2024-02-24,35.333333333333336
HAC,2024-01-23,2024-02-24,31.0
HAC,2024-02-23,2024-02-24,0.5
HAC,2024-02-02,2024-02-24,21.0
HAC,2024-01-22,2024-02-24,32.250000000000007
HAC,2024-01-12,2024-02-24,43.0
HAC,2024-02-10,2024-02-24,13.0
HAC,2024-01-24,2024-02-25,32.0
HAC,2024-02-22,2024-02-25,2.0
HAC,2023-11-06,2024-02-25,110.0
HAC,2024-01-08,2024-02-25,47.0
HAC,2023-11-19,2024-02-25,97.0
HAC,2024-01-31,2024-02-25,24.0
HAC,2024-01-19,2024-02-25,36.0
HAC,2024-02-05,2024-02-25,19.0
HAC,2024-01-29,2024-02-25,26.666666666666668
HAC,2024-02-20,2024-02-25,4.5
HAC,2024-02-25,2024-02-25,0.0
HAC,2024-02-21,2024-02-25,3.0
HAC,2024-02-12,2024-02-25,12.0
HAC,2024-02-07,2024-02-25,18.0
HAC,2024-02-08,2024-02-25,16.5
HAC,2023-11-28,2024-02-25,89.0
HAC,2024-02-08,2024-02-26,17.111111111111111
HAC,2024-02-23,2024-02-26,2.0
HAC,2024-01-16,2024-02-26,40.0
HAC,2024-02-05,2024-02-26,20.0
HAC,2024-01-10,2024-02-26,47.0
HAC,2024-02-09,2024-02-26,16.0
HAC,2024-02-13,2024-02-26,12.0
HAC,2024-02-07,2024-02-26,18.666666666666668
HAC,2024-02-03,2024-02-26,23.0
HAC,2024-02-04,2024-02-26,22.0
HAC,2023-12-12,2024-02-26,75.0
HAC,2024-01-08,2024-02-26,48.0
HAC,2024-02-24,2024-02-26,1.0
HAC,2024-01-22,2024-02-26,34.333333333333336
HAC,2024-01-19,2024-02-26,38.0
HAC,2024-02-06,2024-02-26,20.0
HAC,2023-12-28,2024-02-26,59.0
HAC,2024-02-02,2024-02-26,23.0
HAC,2024-01-17,2024-02-26,40.0
HAC,2024-02-21,2024-02-26,5.0
HAC,2024-02-20,2024-02-26,6.0
HAC,2024-02-13,2024-02-27,13.0
HAC,2024-02-09,2024-02-27,18.0
HAC,2024-01-16,2024-02-27,41.0
HAC,2024-02-07,2024-02-27,19.0
HAC,2024-02-08,2024-02-27,19.0
HAC,2024-01-10,2024-02-27,47.0
HAC,2024-01-08,2024-02-27,49.5
HAC,2024-02-15,2024-02-27,12.0
HAC,2024-02-26,2024-02-27,0.5
HAC,2024-02-14,2024-02-27,12.5
HAC,2024-01-18,2024-02-27,40.0
HAC,2024-01-22,2024-02-27,36.0
HAC,2024-02-22,2024-02-27,4.0
HAC,2023-12-14,2024-02-27,75.0
HAC,2024-01-12,2024-02-27,45.0
HAC,2024-02-06,2024-02-27,20.0
HAC,2023-11-10,2024-02-27,108.0
HAC,2023-11-16,2024-02-27,103.0
HAC,2024-02-12,2024-02-27,15.0
HAC,2024-01-17,2024-02-27,40.0
HAC,2024-02-19,2024-02-27,7.0
HAC,2024-01-03,2024-02-28,55.0
HAC,2024-01-31,2024-02-28,28.0
HAC,2024-02-22,2024-02-28,6.0
HAC,2024-02-07,2024-02-28,20.0
HAC,2024-02-19,2024-02-28,9.0
HAC,2024-01-29,2024-02-28,29.0
HAC,2024-02-15,2024-02-28,12.0
HAC,2024-02-04,2024-02-28,23.0
HAC,2024-01-23,2024-02-28,36.0
HAC,2024-01-24,2024-02-28,35.0
HAC,2024-01-30,2024-02-28,29.0
HAC,2024-01-22,2024-02-28,37.0
HAC,2024-01-09,2024-02-28,50.0
HAC,2024-01-16,2024-02-28,42.0
HAC,2024-02-26,2024-02-28,1.5
HAC,2024-02-09,2024-02-28,18.0
HAC,2024-02-11,2024-02-28,16.0
LTH,2024-01-08,2024-02-01,23.0
LTH,2023-06-26,2024-02-01,219.0
LTH,2023-12-20,2024-02-01,43.0
LTH,2023-12-13,2024-02-01,49.0
LTH,2023-12-12,2024-02-01,51.0
LTH,2023-08-06,2024-02-01,178.0
LTH,2024-01-09,2024-02-01,22.0
LTH,2023-12-29,2024-02-01,33.0
LTH,2024-01-27,2024-02-01,4.0
LTH,2024-01-24,2024-02-01,8.0
LTH,2024-01-17,2024-02-01,15.0
LTH,2024-02-01,2024-02-01,0.0
LTH,2024-01-31,2024-02-01,1.0
LTH,2024-01-16,2024-02-01,15.0
LTH,2024-01-23,2024-02-02,10.0
LTH,2023-07-20,2024-02-02,196.0
LTH,2024-01-15,2024-02-02,17.0
LTH,2024-02-02,2024-02-02,0.0
LTH,2024-02-01,2024-02-02,0.0
LTH,2024-01-24,2024-02-02,9.0
LTH,2024-01-28,2024-02-02,4.0
LTH,2024-01-25,2024-02-02,8.0
LTH,2024-01-23,2024-02-03,10.0
LTH,2024-01-12,2024-02-03,21.0
LTH,2024-01-21,2024-02-03,12.0
LTH,2024-01-28,2024-02-03,5.0
LTH,2024-01-08,2024-02-03,25.5
LTH,2023-10-29,2024-02-03,97.0
LTH,2023-12-14,2024-02-03,51.0
LTH,2024-01-26,2024-02-03,7.0
LTH,2024-01-31,2024-02-03,2.0
LTH,2024-01-16,2024-02-03,17.0
LTH,2023-12-11,2024-02-03,54.0
LTH,2024-02-01,2024-02-03,2.0
LTH,2024-02-02,2024-02-03,0.5
LTH,2024-01-30,2024-02-03,3.0
LTH,2023-12-17,2024-02-03,47.0
LTH,2024-02-03,2024-02-03,0.0
LTH,2024-01-15,2024-02-03,19.0
LTH,2024-02-04,2024-02-04,0.0
LTH,2024-01-22,2024-02-04,12.5
LTH,2023-12-17,2024-02-04,48.0
LTH,2024-02-03,2024-02-04,1.0
LTH,2023-10-26,2024-02-04,101.0
LTH,2023-11-25,2024-02-04,71.0
LTH,2023-12-18,2024-02-04,47.5
LTH,2024-02-02,2024-02-04,1.0
LTH,2024-01-30,2024-02-04,5.0
LTH,2023-07-03,2024-02-04,216.0
LTH,2024-01-25,2024-02-04,10.0
LTH,2024-01-21,2024-02-04,13.5
LTH,2023-12-09,2024-02-04,57.0
LTH,2024-01-18,2024-02-04,17.0
LTH,2024-01-11,2024-02-04,23.333333333333332
LTH,2024-01-14,2024-02-04,21.0
LTH,2024-01-15,2024-02-04,19.0
LTH,2024-01-24,2024-02-04,10.333333333333334
LTH,2024-01-31,2024-02-04,3.5
LTH,2024-02-01,2024-02-04,2.0
LTH,2024-01-05,2024-02-04,30.0
LTH,2024-01-18,2024-02-05,18.0
LTH,2024-01-25,2024-02-05,10.0
LTH,2024-01-12,2024-02-05,23.333333333333332
LTH,2023-11-07,2024-02-05,90.0
LTH,2024-01-29,2024-02-05,7.0
LTH,2024-01-10,2024-02-05,25.0
LTH,2024-02-04,2024-02-05,0.0
LTH,2024-02-05,2024-02-05,0.0
LTH,2024-01-16,2024-02-05,20.0
LTH,2023-12-15,2024-02-05,51.0
LTH,2023-12-14,2024-02-05,53.0
LTH,2023-10-13,2024-02-05,114.0
LTH,2024-01-13,2024-02-05,23.0
LTH,2023-10-18,2024-02-05,109.0
LTH,2023-11-27,2024-02-05,70.0
LTH,2024-01-26,2024-02-05,9.0
LTH,2023-12-04,2024-02-05,62.166666666666671
LTH,2023-12-11,2024-02-05,56.0
LTH,2024-01-21,2024-02-05,14.0
LTH,2024-01-30,2024-02-05,5.666666666666667
LTH,2024-01-17,2024-02-05,18.0
LTH,2023-12-29,2024-02-05,38.0
LTH,2024-01-08,2024-02-05,27.0
LTH,2024-01-22,2024-02-05,13.0
LTH,2024-01-04,2024-02-06,32.0
LTH,2024-01-15,2024-02-06,22.0
LTH,2024-02-01,2024-02-06,4.0
LTH,2024-01-29,2024-02-06,7.5
LTH,2024-02-05,2024-02-06,0.5
LTH,2024-01-21,2024-02-06,16.0
LTH,2024-01-18,2024-02-06,18.0
LTH,2024-01-02,2024-02-06,35.0
LTH,2024-01-17,2024-02-06,20.0
LTH,2024-02-04,2024-02-06,1.0
LTH,2023-12-20,2024-02-06,47.0
LTH,2023-11-29,2024-02-06,68.0
LTH,2023-10-07,2024-02-06,121.5
LTH,2024-02-06,2024-02-06,0.0
LTH,2024-02-02,2024-02-06,4.0
LTH,2024-01-30,2024-02-06,6.0
LTH,2023-11-17,2024-02-06,81.0
LTH,2023-12-22,2024-02-06,45.0
LTH,2023-08-20,2024-02-06,170.0
LTH,2024-02-05,2024-02-07,2.0
LTH,2024-01-17,2024-02-07,20.666666666666668
LTH,2024-02-02,2024-02-07,4.5
LTH,2024-02-07,2024-02-07,0.0
LTH,2023-12-30,2024-02-07,39.0
LTH,2024-01-24,2024-02-07,14.0
LTH,2024-02-04,2024-02-07,3.0
LTH,2024-02-03,2024-02-07,3.0
LTH,2024-02-06,2024-02-07,1.0
LTH,2024-01-02,2024-02-07,36.0
LTH,2024-01-29,2024-02-07,8.5
LTH,2024-01-19,2024-02-07,18.0
LTH,2024-01-11,2024-02-07,27.0
LTH,2023-12-28,2024-02-07,41.0
LTH,2024-01-22,2024-02-07,15.0
LTH,2024-01-30,2024-02-07,8.0
LTH,2023-12-25,2024-02-07,43.0
LTH,2024-01-15,2024-02-07,22.0
LTH,2024-01-26,2024-02-07,12.0
LTH,2023-12-18,2024-02-07,51.0
LTH,2024-01-31,2024-02-07,6.0
LTH,2023-12-08,2024-02-08,62.0
LTH,2024-02-07,2024-02-08,0.4
LTH,2024-02-04,2024-02-08,3.0
LTH,2024-01-17,2024-02-08,22.0
LTH,2024-01-24,2024-02-08,14.25
LTH,2024-02-08,2024-02-08,0.0
LTH,2023-11-29,2024-02-08,71.0
LTH,2024-01-13,2024-02-08,26.0
LTH,2024-01-31,2024-02-08,7.666666666666667
LTH,2024-01-21,2024-02-08,17.0
LTH,2024-02-02,2024-02-08,6.0
LTH,2024-02-06,2024-02-08,1.5
LTH,2024-02-05,2024-02-08,3.0
LTH,2024-01-08,2024-02-08,31.0
LTH,2024-01-19,2024-02-08,19.0
LTH,2024-02-03,2024-02-08,4.5
LTH,2024-01-28,2024-02-08,11.0
LTH,2024-01-27,2024-02-08,11.0
LTH,2023-12-19,2024-02-08,51.0
LTH,2023-09-21,2024-02-08,140.0
LTH,2024-01-29,2024-02-08,10.0
LTH,2024-01-04,2024-02-08,35.0
LTH,2024-01-02,2024-02-08,36.5
LTH,2024-01-18,2024-02-08,21.0
LTH,2024-01-19,2024-02-09,20.0
LTH,2024-01-04,2024-02-09,35.0
LTH,2024-01-12,2024-02-09,27.0
LTH,2024-01-24,2024-02-09,16.0
LTH,2023-12-25,2024-02-09,46.0
LTH,2024-02-09,2024-02-09,0.0
LTH,2024-01-30,2024-02-09,10.0
LTH,2024-02-03,2024-02-09,6.0
LTH,2024-01-20,2024-02-09,20.0
LTH,2023-11-29,2024-02-09,72.0
LTH,2024-02-07,2024-02-09,1.6666666666666667
LTH,2024-02-08,2024-02-09,0.4
LTH,2023-12-12,2024-02-09,59.0
LTH,2024-01-29,2024-02-09,10.0
LTH,2024-01-22,2024-02-09,17.0
LTH,2024-01-13,2024-02-09,27.0
LTH,2024-01-15,2024-02-09,25.0
LTH,2023-08-10,2024-02-09,183.0
LTH,2023-12-19,2024-02-09,51.0
LTH,2024-02-05,2024-02-09,4.0
LTH,2024-01-08,2024-02-09,31.5
LTH,2023-12-05,2024-02-09,66.0
LTH,2024-01-17,2024-02-09,22.5
LTH,2024-01-23,2024-02-09,17.0
LTH,2024-02-06,2024-02-09,2.0
LTH,2023-10-19,2024-02-09,112.0
LTH,2024-01-18,2024-02-09,21.0
LTH,2024-01-23,2024-02-10,18.0
LTH,2023-11-09,2024-02-10,93.0
LTH,2024-02-06,2024-02-10,3.6666666666666665
LTH,2024-02-10,2024-02-10,0.0
LTH,2023-08-12,2024-02-10,182.0
LTH,2024-02-01,2024-02-10,8.0
LTH,2024-01-01,2024-02-10,40.0
LTH,2024-01-06,2024-02-10,35.0
LTH,2024-01-05,2024-02-10,35.0
LTH,2024-01-24,2024-02-10,17.0
LTH,2024-02-08,2024-02-10,1.0
LTH,2024-01-31,2024-02-10,10.0
LTH,2024-01-27,2024-02-10,13.0
LTH,2024-01-19,2024-02-10,21.5
LTH,2023-11-23,2024-02-10,78.0
LTH,2023-12-17,2024-02-10,54.0
LTH,2024-01-22,2024-02-10,19.0
LTH,2024-02-05,2024-02-10,5.0
LTH,2023-11-13,2024-02-10,88.0
LTH,2023-07-27,2024-02-10,197.0
LTH,2024-01-08,2024-02-10,33.0
LTH,2024-01-25,2024-02-10,15.5
LTH,2024-01-13,2024-02-10,27.5
LTH,2023-12-14,2024-02-10,57.0
LTH,2024-01-21,2024-02-10,20.0
LTH,2024-02-09,2024-02-10,0.5
LTH,2024-02-07,2024-02-10,2.8
LTH,2024-01-19,2024-02-11,23.0
LTH,2023-11-17,2024-02-11,85.0
LTH,2024-02-08,2024-02-11,3.0
LTH,2024-02-09,2024-02-11,1.0
LTH,2024-01-24,2024-02-11,18.0
LTH,2024-01-23,2024-02-11,18.0
LTH,2024-01-22,2024-02-11,19.0
LTH,2023-12-04,2024-02-11,69.0
LTH,2024-01-14,2024-02-11,27.333333333333332
LTH,2023-11-28,2024-02-11,75.0
LTH,2024-01-25,2024-02-11,16.0
LTH,2024-01-21,2024-02-11,20.0
LTH,2024-02-10,2024-02-11,0.0
LTH,2024-02-06,2024-02-11,5.0
LTH,2024-02-11,2024-02-11,0.0
LTH,2024-01-29,2024-02-11,12.0
LTH,2024-02-07,2024-02-11,4.0
LTH,2024-02-03,2024-02-12,8.0
LTH,2024-01-12,2024-02-12,30.0
LTH,2024-02-08,2024-02-12,3.6666666666666665
LTH,2023-10-11,2024-02-12,124.0
LTH,2024-01-19,2024-02-12,23.333333333333332
LTH,2024-02-05,2024-02-12,6.5
LTH,2024-01-29,2024-02-12,13.0
LTH,2024-01-11,2024-02-12,31.0
LTH,2024-02-11,2024-02-12,0.0
LTH,2024-01-31,2024-02-12,11.0
LTH,2024-01-16,2024-02-12,26.5
LTH,2024-02-12,2024-02-12,0.0
LTH,2024-02-10,2024-02-12,1.0
LTH,2023-12-23,2024-02-12,51.0
LTH,2023-11-25,2024-02-12,78.0
LTH,2023-12-11,2024-02-12,63.0
LTH,2023-10-10,2024-02-12,125.0
LTH,2024-02-13,2024-02-12,0.0
LTH,2024-02-02,2024-02-12,10.0
LTH,2024-01-17,2024-02-12,25.0
LTH,2023-12-08,2024-02-12,66.0
LTH,2024-02-12,2024-02-13,0.5
LTH,2024-01-18,2024-02-13,26.0
LTH,2024-01-24,2024-02-13,19.5
LTH,2023-11-23,2024-02-13,82.0
LTH,2023-11-07,2024-02-13,98.0
LTH,2024-01-22,2024-02-13,21.714285714285715
LTH,2024-02-13,2024-02-13,0.0
LTH,2023-12-06,2024-02-13,69.0
LTH,2024-02-01,2024-02-13,11.25
LTH,2024-01-29,2024-02-13,14.0
LTH,2024-02-05,2024-02-13,8.0
LTH,2023-12-18,2024-02-13,57.0
LTH,2024-01-26,2024-02-13,17.0
LTH,2023-12-20,2024-02-13,55.0
LTH,2023-10-20,2024-02-13,116.0
LTH,2024-01-20,2024-02-13,23.0
LTH,2023-12-22,2024-02-13,52.0
LTH,2024-02-09,2024-02-13,3.0
LTH,2024-01-19,2024-02-13,24.0
LTH,2024-02-07,2024-02-13,5.0
LTH,2023-12-23,2024-02-13,52.0
LTH,2023-10-24,2024-02-13,112.0
LTH,2024-02-08,2024-02-13,4.0
LTH,2023-11-25,2024-02-13,79.0
LTH,2024-01-25,2024-02-13,18.0
LTH,2024-02-02,2024-02-13,10.0
LTH,2023-10-23,2024-02-13,112.0
LTH,2024-02-06,2024-02-13,7.0
LTH,2024-02-10,2024-02-13,2.5
LTH,2023-12-22,2024-02-14,53.5
LTH,2024-01-29,2024-02-14,15.0
LTH,2023-12-15,2024-02-14,60.0
LTH,2024-02-06,2024-02-14,8.0
LTH,2024-01-23,2024-02-14,22.0
LTH,2024-02-08,2024-02-14,5.0
LTH,2024-02-09,2024-02-14,5.0
LTH,2024-02-11,2024-02-14,2.0
LTH,2024-01-12,2024-02-14,32.0
LTH,2024-02-13,2024-02-14,0.6
LTH,2023-12-27,2024-02-14,48.0
LTH,2023-11-26,2024-02-14,80.0
LTH,2024-02-10,2024-02-14,4.0
LTH,2024-02-05,2024-02-14,8.0
LTH,2024-01-16,2024-02-14,29.0
LTH,2024-02-04,2024-02-14,9.0
LTH,2023-12-23,2024-02-14,53.0
LTH,2023-12-24,2024-02-14,51.0
LTH,2024-02-01,2024-02-14,12.0
LTH,2024-02-07,2024-02-14,6.5
LTH,2024-01-30,2024-02-14,14.777777777777779
LTH,2024-01-27,2024-02-14,17.0
LTH,2023-12-29,2024-02-14,46.0
LTH,2023-10-25,2024-02-14,112.0
LTH,2024-02-12,2024-02-14,1.0
LTH,2024-01-22,2024-02-14,23.0
LTH,2024-02-14,2024-02-14,0.0
LTH,2024-01-15,2024-02-14,29.0
LTH,2023-11-28,2024-02-14,78.0
LTH,2023-12-05,2024-02-15,71.0
LTH,2024-01-13,2024-02-15,32.0
LTH,2024-01-09,2024-02-15,37.0
LTH,2024-02-04,2024-02-15,10.333333333333334
LTH,2024-02-15,2024-02-15,0.0
LTH,2024-01-24,2024-02-15,21.0
LTH,2023-12-09,2024-02-15,67.0
LTH,2023-12-27,2024-02-15,49.0
LTH,2024-02-09,2024-02-15,5.8
LTH,2024-02-12,2024-02-15,2.5
LTH,2024-02-05,2024-02-15,10.0
LTH,2024-02-08,2024-02-15,6.0
LTH,2024-01-18,2024-02-15,27.0
LTH,2024-02-10,2024-02-15,4.0
LTH,2024-02-13,2024-02-15,1.2
LTH,2024-02-07,2024-02-15,7.0
LTH,2023-12-17,2024-02-15,59.0
LTH,2024-02-01,2024-02-15,14.0
LTH,2024-02-14,2024-02-15,0.5
LTH,2023-12-18,2024-02-15,58.0
LTH,2024-02-11,2024-02-15,3.5
LTH,2024-01-06,2024-02-15,39.0
LTH,2024-02-06,2024-02-15,9.0
LTH,2024-01-16,2024-02-16,30.5
LTH,2024-02-09,2024-02-16,6.0
LTH,2024-01-08,2024-02-16,39.0
LTH,2024-02-16,2024-02-16,0.0
LTH,2024-01-13,2024-02-16,34.0
LTH,2023-12-26,2024-02-16,51.0
LTH,2023-09-26,2024-02-16,143.0
LTH,2024-02-07,2024-02-16,8.0
LTH,2024-02-15,2024-02-16,0.5
LTH,2023-11-24,2024-02-16,84.0
LTH,2024-02-06,2024-02-16,10.0
LTH,2024-02-08,2024-02-16,8.0
LTH,2024-02-02,2024-02-16,13.5
LTH,2023-12-29,2024-02-16,48.0
LTH,2023-11-09,2024-02-16,99.0
LTH,2024-02-13,2024-02-16,3.0
LTH,2024-02-03,2024-02-16,12.0
LTH,2024-02-12,2024-02-16,4.0
LTH,2024-01-19,2024-02-16,27.0
LTH,2024-02-10,2024-02-16,5.0
LTH,2024-02-11,2024-02-16,4.0
LTH,2024-01-31,2024-02-16,15.5
LTH,2024-01-21,2024-02-16,25.0
LTH,2023-12-21,2024-02-16,57.0
LTH,2023-10-03,2024-02-16,135.0
LTH,2024-01-07,2024-02-16,39.0
LTH,2024-01-22,2024-02-16,24.333333333333332
LTH,2023-12-27,2024-02-16,50.0
LTH,2024-02-04,2024-02-16,11.0
LTH,2023-12-10,2024-02-16,67.0
LTH,2024-02-14,2024-02-16,2.0
LTH,2024-02-14,2024-02-17,3.0
LTH,2023-11-22,2024-02-17,87.0
LTH,2024-01-19,2024-02-17,29.0
LTH,2024-02-08,2024-02-17,8.7272727272727266
LTH,2024-02-17,2024-02-17,0.0
LTH,2024-02-07,2024-02-17,9.0
LTH,2024-01-23,2024-02-17,25.0
LTH,2024-02-10,2024-02-17,7.0
LTH,2024-01-02,2024-02-17,45.0
LTH,2023-12-14,2024-02-17,65.0
LTH,2024-02-15,2024-02-17,2.0
LTH,2024-01-22,2024-02-17,26.0
LTH,2024-02-16,2024-02-17,0.5
LTH,2024-02-12,2024-02-17,5.0
LTH,2024-02-03,2024-02-17,13.0
LTH,2024-02-13,2024-02-17,3.5
LTH,2024-01-30,2024-02-17,17.0
LTH,2023-12-24,2024-02-17,54.0
LTH,2024-01-26,2024-02-17,22.0
LTH,2024-01-25,2024-02-17,22.0
LTH,2023-12-18,2024-02-17,60.0
LTH,2024-01-11,2024-02-17,36.0
LTH,2024-01-01,2024-02-18,48.0
LTH,2024-01-22,2024-02-18,27.0
LTH,2023-12-20,2024-02-18,59.0
LTH,2024-01-15,2024-02-18,34.0
LTH,2024-02-12,2024-02-18,6.0
LTH,2024-02-07,2024-02-18,10.0
LTH,2024-02-05,2024-02-18,12.666666666666666
LTH,2024-02-10,2024-02-18,7.0
LTH,2024-02-11,2024-02-18,7.0
LTH,2024-02-08,2024-02-18,10.0
LTH,2024-01-19,2024-02-18,30.0
LTH,2024-01-14,2024-02-18,34.0
LTH,2024-02-18,2024-02-18,0.0
LTH,2024-01-03,2024-02-18,46.0
LTH,2024-02-04,2024-02-18,13.0
LTH,2024-01-25,2024-02-18,24.0
LTH,2024-02-13,2024-02-18,4.5
LTH,2024-01-18,2024-02-18,30.0
LTH,2024-02-16,2024-02-18,1.5
LTH,2024-01-31,2024-02-18,18.0
LTH,2024-01-26,2024-02-18,22.0
LTH,2024-02-06,2024-02-18,12.0
LTH,2024-02-14,2024-02-18,4.0
LTH,2024-01-22,2024-02-19,27.0
LTH,2024-02-12,2024-02-19,6.0
LTH,2024-02-13,2024-02-19,6.0
LTH,2023-11-07,2024-02-19,103.0
LTH,2024-01-27,2024-02-19,22.0
LTH,2024-01-20,2024-02-19,29.0
LTH,2023-12-08,2024-02-19,73.0
LTH,2023-11-27,2024-02-19,84.0
LTH,2024-02-15,2024-02-19,3.0
LTH,2024-01-18,2024-02-19,31.333333333333332
LTH,2024-01-26,2024-02-19,23.0
LTH,2024-02-10,2024-02-19,8.5
LTH,2024-02-06,2024-02-19,12.5
LTH,2024-02-19,2024-02-19,0.0
LTH,2024-02-02,2024-02-19,17.0
LTH,2024-02-14,2024-02-19,5.0
LTH,2024-02-09,2024-02-19,9.0
LTH,2023-12-11,2024-02-19,70.0
LTH,2024-01-19,2024-02-19,31.0
LTH,2024-01-11,2024-02-19,38.0
LTH,2024-01-29,2024-02-19,20.0
LTH,2024-01-14,2024-02-19,36.0
LTH,2024-02-16,2024-02-19,2.0
LTH,2024-02-14,2024-02-20,5.0
LTH,2024-02-06,2024-02-20,13.0
LTH,2024-01-11,2024-02-20,40.0
LTH,2024-02-15,2024-02-20,4.0
LTH,2023-11-25,2024-02-20,87.0
LTH,2024-02-20,2024-02-20,0.0
LTH,2024-01-10,2024-02-20,40.0
LTH,2024-01-31,2024-02-20,19.5
LTH,2024-02-07,2024-02-20,13.0
LTH,2024-01-23,2024-02-20,28.0
LTH,2024-02-18,2024-02-20,1.0
LTH,2024-01-20,2024-02-20,31.0
LTH,2023-12-15,2024-02-20,67.0
LTH,2023-12-26,2024-02-20,56.0
LTH,2024-01-24,2024-02-20,26.0
LTH,2024-02-02,2024-02-20,17.5
LTH,2024-02-13,2024-02-20,6.0
LTH,2024-02-19,2024-02-20,1.0
LTH,2024-01-22,2024-02-20,28.0
LTH,2024-01-21,2024-02-20,29.0
LTH,2024-02-20,2024-02-21,0.33333333333333331
LTH,2024-01-26,2024-02-21,26.0
LTH,2024-02-07,2024-02-21,13.0
LTH,2024-02-19,2024-02-21,1.0
LTH,2024-02-17,2024-02-21,4.0
LTH,2024-01-08,2024-02-21,44.0
LTH,2024-01-07,2024-02-21,44.0
LTH,2024-01-11,2024-02-21,40.0
LTH,2024-02-12,2024-02-21,8.0
LTH,2024-02-05,2024-02-21,16.0
LTH,2024-01-31,2024-02-21,20.666666666666668
LTH,2024-02-06,2024-02-21,14.5
LTH,2024-02-04,2024-02-21,16.0
LTH,2024-01-05,2024-02-21,46.0
LTH,2024-02-22,2024-02-21,0.0
LTH,2024-02-21,2024-02-21,0.0
LTH,2024-02-03,2024-02-21,18.0
LTH,2024-02-16,2024-02-21,4.0
LTH,2024-01-25,2024-02-21,27.0
LTH,2024-02-15,2024-02-22,7.0
LTH,2024-02-20,2024-02-22,1.5
LTH,2024-01-08,2024-02-22,44.0
LTH,2024-02-19,2024-02-22,3.0
LTH,2024-02-01,2024-02-22,21.0
LTH,2024-02-16,2024-02-22,6.0
LTH,2023-12-25,2024-02-22,58.0
LTH,2024-02-13,2024-02-22,9.0
LTH,2024-02-22,2024-02-22,0.0
LTH,2023-09-23,2024-02-22,151.0
LTH,2024-02-18,2024-02-22,3.6666666666666665
LTH,2024-01-02,2024-02-22,51.0
LTH,2023-12-17,2024-02-22,66.0
LTH,2024-02-10,2024-02-22,12.0
LTH,2024-01-22,2024-02-22,31.0
LTH,2023-08-01,2024-02-22,204.0
LTH,2024-02-23,2024-02-22,0.0
LTH,2024-02-05,2024-02-22,16.0
LTH,2024-02-21,2024-02-22,0.4
LTH,2024-02-06,2024-02-22,15.0
LTH,2024-01-20,2024-02-23,34.0
LTH,2024-01-12,2024-02-23,41.0
LTH,2023-12-03,2024-02-23,82.0
LTH,2024-02-04,2024-02-23,19.0
LTH,2024-02-23,2024-02-23,0.0
LTH,2024-01-21,2024-02-23,33.0
LTH,2024-02-02,2024-02-23,20.666666666666668
LTH,2024-02-11,2024-02-23,12.0
LTH,2024-02-09,2024-02-23,13.0
LTH,2024-02-21,2024-02-23,2.0
LTH,2024-01-03,2024-02-23,50.0
LTH,2024-02-19,2024-02-23,4.0
LTH,2023-12-30,2024-02-23,54.0
LTH,2024-02-15,2024-02-23,8.0
LTH,2024-02-10,2024-02-23,12.5
LTH,2024-01-13,2024-02-23,41.0
LTH,2023-12-29,2024-02-23,56.0
LTH,2024-02-22,2024-02-23,0.66666666666666674
LTH,2024-01-19,2024-02-23,35.0
LTH,2024-02-24,2024-02-23,0.0
LTH,2024-01-28,2024-02-23,26.0
LTH,2024-01-23,2024-02-23,31.0
LTH,2024-02-20,2024-02-23,3.0
LTH,2024-02-14,2024-02-23,9.0
LTH,2024-01-18,2024-02-23,35.0
LTH,2024-02-08,2024-02-23,15.0
LTH,2024-01-31,2024-02-23,22.0
LTH,2024-02-12,2024-02-23,10.5
LTH,2024-01-26,2024-02-24,28.0
LTH,2024-02-22,2024-02-24,1.5
LTH,2024-01-14,2024-02-24,40.0
LTH,2024-02-24,2024-02-24,0.0
LTH,2024-01-24,2024-02-24,31.0
LTH,2024-02-12,2024-02-24,11.0
LTH,2024-02-02,2024-02-24,21.5
LTH,2024-02-10,2024-02-24,13.5
LTH,2024-01-27,2024-02-24,27.0
LTH,2024-01-31,2024-02-24,24.0
LTH,2024-02-23,2024-02-24,0.0
LTH,2024-02-05,2024-02-24,18.0
LTH,2024-02-01,2024-02-24,23.0
LTH,2024-02-08,2024-02-24,15.0
LTH,2024-02-19,2024-02-24,4.0
LTH,2024-02-21,2024-02-24,2.714285714285714
LTH,2023-10-14,2024-02-24,132.0
LTH,2024-01-12,2024-02-24,42.0
LTH,2024-02-09,2024-02-24,14.0
LTH,2024-01-20,2024-02-24,35.0
LTH,2024-01-25,2024-02-24,29.5
LTH,2024-01-19,2024-02-24,36.0
LTH,2024-01-21,2024-02-24,33.0
LTH,2024-02-01,2024-02-25,24.0
LTH,2024-02-06,2024-02-25,18.0
LTH,2024-02-25,2024-02-25,0.0
LTH,2023-12-14,2024-02-25,73.0
LTH,2024-01-22,2024-02-25,34.0
LTH,2024-02-20,2024-02-25,5.0
LTH,2023-12-12,2024-02-25,75.0
LTH,2024-01-14,2024-02-25,41.0
LTH,2024-02-23,2024-02-25,1.3333333333333333
LTH,2024-02-09,2024-02-25,15.0
LTH,2024-01-16,2024-02-25,39.0
LTH,2024-02-07,2024-02-25,18.0
LTH,2023-12-29,2024-02-25,57.0
LTH,2024-01-29,2024-02-25,26.0
LTH,2024-02-15,2024-02-25,10.0
LTH,2024-02-05,2024-02-26,20.666666666666668
LTH,2023-12-14,2024-02-26,73.0
LTH,2024-01-18,2024-02-26,39.0
LTH,2024-01-28,2024-02-26,29.0
LTH,2024-02-01,2024-02-26,25.0
LTH,2024-01-26,2024-02-26,30.0
LTH,2024-02-16,2024-02-26,9.0
LTH,2024-02-15,2024-02-26,10.0
LTH,2023-12-06,2024-02-26,81.0
LTH,2023-12-11,2024-02-26,77.0
LTH,2024-02-07,2024-02-26,19.0
LTH,2023-12-10,2024-02-26,77.0
LTH,2023-11-05,2024-02-26,112.0
LTH,2024-01-21,2024-02-26,35.0
LTH,2024-02-12,2024-02-26,13.5
LTH,2024-02-04,2024-02-26,21.5
LTH,2024-02-06,2024-02-26,19.25
LTH,2024-02-19,2024-02-26,6.666666666666667
LTH,2023-12-17,2024-02-26,71.0
LTH,2024-02-20,2024-02-26,5.0
LTH,2024-02-26,2024-02-26,0.0
LTH,2024-02-23,2024-02-26,3.0
LTH,2024-02-25,2024-02-26,0.0
LTH,2023-09-05,2024-02-26,173.0
LTH,2024-01-22,2024-02-26,35.0
LTH,2024-01-15,2024-02-26,41.0
LTH,2023-12-19,2024-02-26,69.0
LTH,2024-02-02,2024-02-26,24.0
LTH,2024-01-25,2024-02-27,33.0
LTH,2024-02-01,2024-02-27,26.0
LTH,2024-02-08,2024-02-27,18.0
LTH,2023-11-30,2024-02-27,88.0
LTH,2023-12-01,2024-02-27,88.0
LTH,2024-01-23,2024-02-27,35.0
LTH,2024-02-25,2024-02-27,1.0
LTH,2024-02-15,2024-02-27,11.0
LTH,2024-02-20,2024-02-27,6.0
LTH,2023-12-03,2024-02-27,85.0
LTH,2023-10-15,2024-02-27,134.0
LTH,2024-01-22,2024-02-27,35.5
LTH,2024-02-21,2024-02-27,5.0
LTH,2024-01-28,2024-02-27,29.0
LTH,2024-02-19,2024-02-27,7.25
LTH,2024-02-24,2024-02-27,2.0
LTH,2024-02-22,2024-02-27,4.0
LTH,2024-02-12,2024-02-27,14.0
LTH,2023-12-12,2024-02-27,76.0
LTH,2024-02-07,2024-02-27,20.0
LTH,2024-02-02,2024-02-27,24.666666666666668
LTH,2024-01-21,2024-02-27,36.0
LTH,2024-02-26,2024-02-28,1.0
LTH,2024-02-12,2024-02-28,16.0
LTH,2024-02-05,2024-02-28,22.0
LTH,2024-02-16,2024-02-28,12.0
LTH,2024-01-18,2024-02-28,41.0
LTH,2024-02-17,2024-02-28,10.0
LTH,2024-01-25,2024-02-28,34.0
LTH,2024-02-23,2024-02-28,4.0
LTH,2024-02-28,2024-02-28,0.0
LTH,2024-02-08,2024-02-28,20.0
LTH,2024-02-14,2024-02-28,14.0
LTH,2024-02-20,2024-02-28,8.0
LTH,2024-02-22,2024-02-28,5.0
LTH,2024-02-07,2024-02-28,20.2
LTH,2024-02-21,2024-02-28,6.0
LTH,2024-01-29,2024-02-28,29.0
LTH,2023-09-15,2024-02-28,165.0
LTH,2023-12-05,2024-02-28,84.0
LTH,2024-02-15,2024-02-28,12.5
LTH,2024-02-02,2024-02-28,26.0
LTH,2024-01-24,2024-02-28,34.0
LTH,2024-02-27,2024-02-28,1.0
LTH,2024-02-19,2024-02-28,8.0
LTH,2024-01-15,2024-02-28,44.0
LTH,2023-12-12,2024-02-28,77.0
VSE,2023-12-17,2024-02-01,45.0
VSE,2024-01-19,2024-02-01,13.0
VSE,2024-01-26,2024-02-01,5.333333333333333
VSE,2023-12-05,2024-02-01,57.0
VSE,2024-01-17,2024-02-01,14.0
VSE,2024-01-27,2024-02-01,5.0
VSE,2024-01-24,2024-02-01,8.0
VSE,2024-01-23,2024-02-01,8.3333333333333339
VSE,2024-01-25,2024-02-01,6.5
VSE,2024-01-29,2024-02-01,3.0
VSE,2024-01-22,2024-02-01,9.6666666666666661
VSE,2024-01-11,2024-02-01,21.0
VSE,2024-01-21,2024-02-01,10.0
VSE,2024-01-15,2024-02-01,16.5
VSE,2024-01-18,2024-02-01,14.0
VSE,2024-01-10,2024-02-02,23.0
VSE,2024-01-27,2024-02-02,6.0
VSE,2024-01-28,2024-02-02,4.0
VSE,2024-01-30,2024-02-02,2.5
VSE,2023-09-21,2024-02-02,133.0
VSE,2024-02-02,2024-02-02,0.0
VSE,2024-01-08,2024-02-02,24.0
VSE,2023-09-25,2024-02-02,129.0
VSE,2023-11-21,2024-02-02,72.0
VSE,2024-01-15,2024-02-02,17.0
VSE,2024-01-19,2024-02-02,13.0
VSE,2024-01-31,2024-02-02,2.0
VSE,2023-11-20,2024-02-02,74.0
VSE,2024-01-24,2024-02-03,10.0
VSE,2024-01-28,2024-02-03,5.0
VSE,2024-02-02,2024-02-03,0.0
VSE,2024-01-30,2024-02-03,3.0
VSE,2023-11-28,2024-02-03,67.0
VSE,2024-01-20,2024-02-03,14.0
VSE,2024-02-01,2024-02-03,1.0
VSE,2024-01-31,2024-02-03,3.0
VSE,2023-11-19,2024-02-03,75.0
VSE,2024-01-29,2024-02-03,5.0
VSE,2024-01-16,2024-02-03,18.0
VSE,2024-01-16,2024-02-04,18.0
VSE,2024-01-15,2024-02-04,20.0
VSE,2024-02-04,2024-02-04,0.0
VSE,2024-01-30,2024-02-04,5.0
VSE,2023-11-19,2024-02-04,76.0
VSE,2024-01-17,2024-02-04,17.0
VSE,2024-02-03,2024-02-04,0.0
VSE,2024-02-01,2024-02-05,3.0
VSE,2024-02-05,2024-02-05,0.0
VSE,2024-02-02,2024-02-05,2.0
VSE,2023-11-20,2024-02-05,77.0
VSE,2023-11-25,2024-02-05,71.0
VSE,2024-01-17,2024-02-05,18.5
VSE,2024-01-30,2024-02-05,6.0
VSE,2024-01-15,2024-02-05,21.0
VSE,2023-12-12,2024-02-05,55.0
VSE,2024-02-04,2024-02-05,0.0
VSE,2024-01-16,2024-02-05,19.0
VSE,2023-12-08,2024-02-05,58.0
VSE,2024-01-03,2024-02-05,33.0
VSE,2024-01-09,2024-02-05,26.0
VSE,2023-12-07,2024-02-05,59.0
VSE,2024-01-23,2024-02-05,13.0
VSE,2024-02-03,2024-02-05,2.0
VSE,2023-12-19,2024-02-05,47.0
VSE,2024-01-19,2024-02-05,16.0
VSE,2024-01-23,2024-02-06,13.5
VSE,2024-01-16,2024-02-06,21.0
VSE,2024-01-08,2024-02-06,28.0
VSE,2023-11-02,2024-02-06,95.0
VSE,2024-01-31,2024-02-06,5.0
VSE,2024-02-06,2024-02-06,0.0
VSE,2024-01-25,2024-02-06,12.0
VSE,2024-02-01,2024-02-06,4.0
VSE,2024-01-19,2024-02-06,17.0
VSE,2024-01-30,2024-02-06,6.0
VSE,2023-12-08,2024-02-06,60.0
VSE,2024-02-05,2024-02-06,0.0
VSE,2024-02-02,2024-02-06,4.0
VSE,2024-02-04,2024-02-06,2.0
VSE,2024-01-24,2024-02-06,12.0
VSE,2024-01-17,2024-02-06,19.0
VSE,2023-12-16,2024-02-07,53.0
VSE,2024-01-26,2024-02-07,11.0
VSE,2024-01-17,2024-02-07,20.0
VSE,2024-02-04,2024-02-07,2.0
VSE,2023-12-17,2024-02-07,52.0
VSE,2024-01-05,2024-02-07,32.5
VSE,2024-01-22,2024-02-07,15.0
VSE,2024-02-06,2024-02-07,1.0
VSE,2024-02-02,2024-02-07,5.0
VSE,2023-11-21,2024-02-07,78.0
VSE,2024-01-24,2024-02-07,13.0
VSE,2023-12-20,2024-02-07,49.0
VSE,2023-12-15,2024-02-07,53.0
VSE,2024-01-08,2024-02-07,29.0
VSE,2024-01-11,2024-02-07,27.0
VSE,2024-01-10,2024-02-07,28.0
VSE,2024-01-19,2024-02-07,19.0
VSE,2024-01-18,2024-02-08,20.0
VSE,2024-01-16,2024-02-08,22.0
VSE,2024-01-23,2024-02-08,16.0
VSE,2024-01-15,2024-02-08,23.0
VSE,2024-01-22,2024-02-08,17.0
VSE,2024-02-08,2024-02-08,0.0
VSE,2024-01-24,2024-02-08,15.0
VSE,2024-02-07,2024-02-08,0.0
VSE,2023-12-06,2024-02-08,64.0
VSE,2024-02-04,2024-02-09,4.0
VSE,2024-02-05,2024-02-09,3.0
VSE,2024-01-31,2024-02-09,8.5
VSE,2024-01-17,2024-02-09,23.0
VSE,2024-01-26,2024-02-09,13.0
VSE,2024-01-29,2024-02-09,10.0
VSE,2024-01-30,2024-02-09,10.0
VSE,2023-12-05,2024-02-09,66.0
VSE,2023-12-06,2024-02-09,65.0
VSE,2024-02-02,2024-02-09,6.0
VSE,2023-11-18,2024-02-09,83.0
VSE,2024-02-08,2024-02-09,0.0
VSE,2024-02-03,2024-02-09,6.0
VSE,2024-01-22,2024-02-09,17.0
VSE,2024-02-09,2024-02-09,0.0
VSE,2024-02-07,2024-02-09,1.5
VSE,2024-01-25,2024-02-09,14.0
VSE,2024-02-06,2024-02-09,2.0
VSE,2023-10-07,2024-02-09,124.0
VSE,2024-01-28,2024-02-09,11.333333333333334
VSE,2024-02-04,2024-02-10,5.5
VSE,2024-02-07,2024-02-10,3.0
VSE,2024-02-02,2024-02-10,8.0
VSE,2023-11-23,2024-02-10,78.0
VSE,2024-01-21,2024-02-10,19.0
VSE,2024-01-31,2024-02-10,9.5
VSE,2023-11-28,2024-02-10,74.0
VSE,2024-01-22,2024-02-10,18.0
VSE,2024-01-16,2024-02-10,24.5
VSE,2024-01-25,2024-02-10,15.0
VSE,2024-01-11,2024-02-10,29.0
VSE,2024-01-23,2024-02-11,19.0
VSE,2024-01-12,2024-02-11,29.5
VSE,2024-01-05,2024-02-11,37.0
VSE,2024-01-29,2024-02-11,13.0
VSE,2024-01-09,2024-02-11,33.0
VSE,2024-01-24,2024-02-11,18.0
VSE,2024-01-11,2024-02-11,31.0
VSE,2023-12-28,2024-02-11,44.0
VSE,2023-11-08,2024-02-11,94.0
VSE,2023-12-19,2024-02-11,54.0
VSE,2024-02-02,2024-02-12,10.0
VSE,2024-02-08,2024-02-12,4.0
VSE,2024-02-11,2024-02-12,0.0
VSE,2024-01-25,2024-02-12,18.0
VSE,2024-01-27,2024-02-12,15.0
VSE,2024-01-26,2024-02-12,17.0
VSE,2024-01-17,2024-02-12,26.0
VSE,2024-02-07,2024-02-12,5.0
VSE,2024-01-30,2024-02-12,12.0
VSE,2024-01-24,2024-02-12,18.0
VSE,2024-02-12,2024-02-12,0.0
VSE,2023-12-22,2024-02-13,53.0
VSE,2023-11-15,2024-02-13,90.0
VSE,2023-12-13,2024-02-13,61.5
VSE,2024-01-26,2024-02-13,17.0
VSE,2024-01-30,2024-02-13,14.0
VSE,2024-02-09,2024-02-13,4.0
VSE,2024-02-12,2024-02-13,0.0
VSE,2024-01-16,2024-02-13,28.0
VSE,2024-01-31,2024-02-13,12.5
VSE,2024-01-29,2024-02-13,14.0
VSE,2024-01-04,2024-02-13,39.0
VSE,2024-02-01,2024-02-13,11.666666666666666
VSE,2023-02-11,2024-02-13,367.0
VSE,2024-01-24,2024-02-13,20.0
VSE,2024-01-08,2024-02-13,36.0
VSE,2024-01-17,2024-02-13,26.0
VSE,2024-01-31,2024-02-14,13.0
VSE,2024-01-08,2024-02-14,37.0
VSE,2024-01-20,2024-02-14,25.0
VSE,2024-01-25,2024-02-14,20.0
VSE,2024-02-02,2024-02-14,11.0
VSE,2024-02-05,2024-02-14,8.0
VSE,2024-01-21,2024-02-14,23.0
VSE,2024-02-08,2024-02-14,6.0
VSE,2024-02-09,2024-02-14,5.0
VSE,2024-01-27,2024-02-14,17.0
VSE,2024-02-12,2024-02-14,1.0
VSE,2024-02-14,2024-02-15,0.0
VSE,2024-01-30,2024-02-15,15.666666666666666
VSE,2024-01-18,2024-02-15,28.0
VSE,2024-01-16,2024-02-15,30.0
VSE,2024-02-13,2024-02-15,1.0
VSE,2024-02-11,2024-02-15,4.0
VSE,2024-01-14,2024-02-15,31.0
VSE,2024-02-07,2024-02-15,8.0
VSE,2024-01-23,2024-02-15,23.0
VSE,2024-01-15,2024-02-15,31.0
VSE,2024-01-10,2024-02-15,35.166666666666671
VSE,2024-02-15,2024-02-15,0.0
VSE,2024-01-27,2024-02-15,19.0
VSE,2024-02-02,2024-02-15,13.0
VSE,2024-01-31,2024-02-15,14.0
VSE,2024-01-24,2024-02-15,22.0
VSE,2024-01-26,2024-02-15,19.0
VSE,2024-01-09,2024-02-15,36.5
VSE,2024-01-10,2024-02-16,36.0
VSE,2024-01-15,2024-02-16,31.666666666666668
VSE,2024-02-11,2024-02-16,4.0
VSE,2024-02-16,2024-02-16,0.0
VSE,2024-01-11,2024-02-16,36.0
VSE,2024-02-03,2024-02-16,13.0
VSE,2024-01-09,2024-02-16,37.5
VSE,2024-01-12,2024-02-16,34.0
VSE,2024-02-01,2024-02-16,14.0
VSE,2024-01-16,2024-02-16,30.0
VSE,2024-01-25,2024-02-16,21.5
VSE,2024-02-02,2024-02-16,14.0
VSE,2024-01-19,2024-02-17,29.0
VSE,2024-02-04,2024-02-17,13.0
VSE,2024-02-02,2024-02-17,15.0
VSE,2024-01-21,2024-02-17,27.0
VSE,2024-02-16,2024-02-17,0.5
VSE,2024-01-22,2024-02-17,26.0
VSE,2024-02-17,2024-02-17,0.0
VSE,2024-01-30,2024-02-17,17.0
VSE,2024-02-15,2024-02-17,1.0
VSE,2024-01-26,2024-02-17,21.0
VSE,2024-01-20,2024-02-17,28.0
VSE,2023-08-30,2024-02-17,170.0
VSE,2024-01-18,2024-02-17,29.0
VSE,2024-02-05,2024-02-17,12.0
VSE,2024-01-28,2024-02-17,19.0
VSE,2024-01-22,2024-02-18,26.4
VSE,2024-02-12,2024-02-18,6.0
VSE,2024-01-19,2024-02-18,30.0
VSE,2024-01-17,2024-02-18,31.0
VSE,2024-02-18,2024-02-18,0.0
VSE,2024-02-17,2024-02-18,0.33333333333333331
VSE,2024-01-10,2024-02-18,39.0
VSE,2024-02-04,2024-02-18,14.0
VSE,2024-02-15,2024-02-18,2.0
VSE,2023-12-30,2024-02-18,50.0
VSE,2024-01-14,2024-02-18,35.0
VSE,2024-02-05,2024-02-18,13.0
VSE,2024-01-10,2024-02-19,39.0
VSE,2024-01-21,2024-02-19,28.0
VSE,2024-01-24,2024-02-19,25.5
VSE,2024-01-09,2024-02-19,40.0
VSE,2024-02-05,2024-02-19,13.0
VSE,2024-02-17,2024-02-19,2.0
VSE,2024-02-06,2024-02-19,13.0
VSE,2024-02-16,2024-02-19,2.0
VSE,2024-01-11,2024-02-19,38.5
VSE,2024-01-26,2024-02-19,24.0
VSE,2024-01-25,2024-02-19,25.0
VSE,2024-01-13,2024-02-19,36.0
VSE,2024-02-01,2024-02-19,17.5
VSE,2024-01-23,2024-02-19,27.0
VSE,2024-02-18,2024-02-19,1.0
VSE,2024-01-16,2024-02-19,34.0
VSE,2024-01-31,2024-02-19,18.5
VSE,2024-01-20,2024-02-20,30.0
VSE,2024-02-14,2024-02-20,6.0
VSE,2024-01-21,2024-02-20,29.0
VSE,2024-01-14,2024-02-20,37.0
VSE,2024-02-17,2024-02-20,2.0
VSE,2024-02-20,2024-02-20,0.0
VSE,2024-02-16,2024-02-20,4.0
VSE,2024-02-10,2024-02-20,9.0
VSE,2024-01-06,2024-02-20,44.0
VSE,2024-01-31,2024-02-21,20.666666666666668
VSE,2024-02-20,2024-02-21,0.0
VSE,2024-01-17,2024-02-21,34.5
VSE,2024-02-01,2024-02-21,20.0
VSE,2023-11-23,2024-02-21,90.0
VSE,2024-01-30,2024-02-21,21.0
VSE,2024-01-29,2024-02-21,23.0
VSE,2024-02-14,2024-02-21,7.0
VSE,2024-01-15,2024-02-21,36.0
VSE,2023-05-20,2024-02-21,277.0
VSE,2023-11-27,2024-02-22,87.0
VSE,2024-01-31,2024-02-22,21.5
VSE,2024-02-21,2024-02-22,1.0
VSE,2023-11-20,2024-02-22,94.0
VSE,2024-01-21,2024-02-22,31.0
VSE,2024-01-25,2024-02-22,27.0
VSE,2024-02-20,2024-02-22,1.5
VSE,2024-02-06,2024-02-22,15.0
VSE,2024-02-16,2024-02-22,6.0
VSE,2024-01-19,2024-02-22,33.0
VSE,2024-02-18,2024-02-22,3.0
VSE,2023-11-23,2024-02-22,91.0
VSE,2024-01-20,2024-02-22,32.5
VSE,2024-02-09,2024-02-22,13.0
VSE,2024-02-08,2024-02-22,14.0
VSE,2024-02-22,2024-02-22,0.0
VSE,2024-01-18,2024-02-22,34.0
VSE,2024-02-17,2024-02-22,4.0
VSE,2024-02-02,2024-02-22,19.0
VSE,2024-02-02,2024-02-23,20.0
VSE,2024-01-20,2024-02-23,34.0
VSE,2023-11-12,2024-02-23,102.0
VSE,2024-01-24,2024-02-23,30.0
VSE,2024-01-21,2024-02-23,32.333333333333336
VSE,2024-02-19,2024-02-23,3.0
VSE,2024-02-04,2024-02-23,18.0
VSE,2024-02-03,2024-02-23,19.0
VSE,2023-12-17,2024-02-23,67.0
VSE,2023-11-24,2024-02-23,90.0
VSE,2024-02-22,2024-02-23,0.5
VSE,2024-02-10,2024-02-24,14.0
VSE,2023-11-26,2024-02-24,90.0
VSE,2024-02-22,2024-02-24,1.0
VSE,2024-02-17,2024-02-24,6.5
VSE,2024-02-05,2024-02-24,19.0
VSE,2024-02-16,2024-02-24,7.0
VSE,2024-01-18,2024-02-24,36.0
VSE,2023-09-10,2024-02-24,166.0
VSE,2023-11-22,2024-02-24,94.0
VSE,2024-02-23,2024-02-24,0.0
VSE,2024-02-25,2024-02-25,0.0
VSE,2023-12-29,2024-02-25,57.0
VSE,2024-02-14,2024-02-25,11.0
VSE,2024-02-11,2024-02-25,13.0
VSE,2024-02-03,2024-02-25,21.0
VSE,2024-02-22,2024-02-25,3.0
VSE,2024-02-07,2024-02-25,17.0
VSE,2024-02-06,2024-02-25,18.0
VSE,2024-01-22,2024-02-25,33.0
VSE,2024-02-09,2024-02-25,16.0
VSE,2024-02-01,2024-02-25,23.5
VSE,2024-02-13,2024-02-25,11.0
VSE,2024-01-17,2024-02-25,39.0
VSE,2023-12-18,2024-02-25,68.5
VSE,2023-12-01,2024-02-25,85.0
VSE,2024-02-12,2024-02-26,14.0
VSE,2024-01-03,2024-02-26,54.0
VSE,2024-01-27,2024-02-26,29.0
VSE,2024-02-07,2024-02-26,18.0
VSE,2024-02-01,2024-02-26,24.5
VSE,2024-02-08,2024-02-26,17.0
VSE,2024-02-25,2024-02-26,1.0
VSE,2024-01-25,2024-02-26,31.0
VSE,2023-11-24,2024-02-26,93.0
VSE,2024-02-26,2024-02-26,0.0
VSE,2024-02-19,2024-02-26,6.0
VSE,2024-01-26,2024-02-26,30.0
VSE,2023-11-22,2024-02-27,97.0
VSE,2023-11-29,2024-02-27,90.0
VSE,2024-02-06,2024-02-27,20.0
VSE,2024-02-05,2024-02-27,22.0
VSE,2024-01-23,2024-02-27,34.0
VSE,2023-12-19,2024-02-27,70.0
VSE,2023-12-14,2024-02-27,75.0
VSE,2024-02-12,2024-02-27,15.0
VSE,2024-01-26,2024-02-27,31.0
VSE,2024-02-27,2024-02-27,0.0
VSE,2024-01-18,2024-02-27,40.0
VSE,2024-01-31,2024-02-28,27.0
VSE,2024-02-07,2024-02-28,20.0
VSE,2024-02-10,2024-02-28,18.0
VSE,2024-02-28,2024-02-28,0.0
VSE,2024-02-01,2024-02-28,27.0
VSE,2024-02-06,2024-02-28,22.0
VSE,2024-01-24,2024-02-28,34.0
VSE,2024-02-02,2024-02-28,26.0
VSE,2024-02-19,2024-02-28,9.0
VSE,2024-02-27,2024-02-28,1.0
VSE,2024-02-09,2024-02-28,18.0